,mse,rmse,mae,r2,mape
0,167806755172.53873,409642.22825843864,85621.27230120236,0.8789426141174237,0.06122222041419788
