,mse,rmse,mae,r2,mape
0,168159847645.79523,410072.9784389545,86977.63858111641,0.8786878898559165,0.06548413402031417
