mse,rmse,mae,r2,mape
145699553833.8321,381706.1092435279,197125.18704152593,0.894890958988832,0.39832105629728165
