mse,rmse,mae,r2,mape
228247515050.01376,477752.5667644432,94762.40869888476,0.835340076281563,0.06298371438262097
