mse,rmse,mae,r2,mape
232157413604.3523,481827.1615469102,98473.44202230484,0.8325194383545165,0.06490023868049342
