mse,rmse,mae,r2,mape
167472626333.79984,409234.19497129007,83504.0544933138,0.8791836578330007,0.08317196314571854
