,mse,rmse,mae,r2,mape
0,13246502917.850376,115093.4529756162,48823.21259198546,0.9834217193220407,0.07993128757742478
