mse,rmse,mae,r2,mape
165503578078.787,406821.30976484873,82848.0586393386,0.8806041479329577,0.08320570148277616
